"Variable / Field Name","Form Name","Section Header","Field Type","Field Label","Choices, Calculations, OR Slider Labels","Field Note","Text Validation Type OR Show Slider Number","Text Validation Min","Text Validation Max",Identifier?,"Branching Logic (Show field only if...)","Required Field?","Custom Alignment","Question Number (surveys only)","Matrix Group Name","Matrix Ranking?","Field Annotation"
record_id,institutional_questionnaire,,text,"Record ID",,,,,,,,,,,,,
shazam,institutional_questionnaire,"<h4>Institution Information",descriptive,"<style>
body {
  background-image: url(""https://i.imgur.com/qUMiJRu.png"");
  background-repeat: repeat;
background-attachment: fixed;
  background-size: 200px;
}

#container{
box-shadow: 3px 2px 17px 3px rgba(0,0,0,0.57);
padding-top: 35px;
padding-bottom: 35px;
border-radius: 25px;
margin-top: 25px;
border-style: solid;
border-color: #4E4C4C;
border-width: 5px;
 }
</style>",,,,,,,,,,,,,
inst_table,institutional_questionnaire,,descriptive,"<div class=""rich-text-field-label""><table style=""border-collapse: collapse; width: 100%; height: 75px;"" border=""1""><colgroup><col style=""width: 25%;""><col style=""width: 25%;""><col style=""width: 15.767%;""><col style=""width: 34.233%;""></colgroup> <tbody> <tr style=""height: 25px;""> <td style=""background-color: #c1bfb5;"">Institution Name</td> <td colspan=""3"">{inst}</td> </tr> <tr style=""height: 25px;""> <td style=""background-color: #c1bfb5;"">Country</td> <td colspan=""3"">{country}</td> </tr> <tr> <td style=""background-color: #c1bfb5;"">State or region</td> <td colspan=""3"">{st_region}</td> </tr> <tr> <td style=""background-color: #c1bfb5;"">Name (optional)</td> <td colspan=""3"">{contact_name}</td> </tr> <tr> <td style=""background-color: #c1bfb5;"">Email (optional)</td> <td colspan=""3"">{contact_email}</td> </tr> </tbody> </table></div>",,,,,,,,,,,,,
inst,institutional_questionnaire,,text,"Name of institution",,,,,,y,,y,,,,,
country,institutional_questionnaire,,dropdown,Country,"1, Australia | 2, Brazil | 3, Canada | 4, United States | 5, Afghanistan | 6, Albania | 7, Algeria | 8, Andorra | 9, Angola | 10, Antigua and Barbuda | 11, Argentina | 12, Armenia | 13, Australia | 14, Azerbaijan | 15, Bahamas | 16, Bahrain | 17, Bangladesh | 18, Barbados | 19, Belarus | 20, Belgium | 21, Belize | 22, Benin | 23, Bhutan | 24, Bolivia | 25, Bosnia and Herzegovina | 26, Botswana | 27, Brunei | 28, Bulgaria | 29, Burkina Faso | 30, Burundi | 31, Côte d'Ivoire | 32, Cabo Verde | 33, Cambodia | 34, Cameroon | 35, Central African Republic | 36, Chad | 37, Chile | 38, China | 39, Colombia | 40, Comoros | 41, Congo (Congo-Brazzaville) | 42, Costa Rica | 43, Croatia | 44, Cuba | 45, Cyprus | 46, Czechia (Czech Republic) | 47, Democratic Republic of the Congo | 48, Denmark | 49, Djibouti | 50, Dominica | 51, Dominican Republic | 52, Ecuador | 53, Egypt | 54, El Salvador | 55, Equatorial Guinea | 56, Eritrea | 57, Estonia | 58, Eswatini (fmr. ""Swaziland"") | 59, Ethiopia | 60, Fiji | 61, Finland | 62, France | 63, Gabon | 64, Gambia | 65, Georgia | 66, Germany | 67, Ghana | 68, Greece | 69, Grenada | 70, Guatemala | 71, Guinea | 72, Guinea-Bissau | 73, Guyana | 74, Haiti | 75, Holy See | 76, Honduras | 77, Hungary | 78, Iceland | 79, India | 80, Indonesia | 81, Iran | 82, Iraq | 83, Ireland | 84, Israel | 85, Italy | 86, Jamaica | 87, Japan | 88, Jordan | 89, Kazakhstan | 90, Kenya | 91, Kiribati | 92, Kuwait | 93, Kyrgyzstan | 94, Laos | 95, Latvia | 96, Lebanon | 97, Lesotho | 98, Liberia | 99, Libya | 100, Liechtenstein | 101, Lithuania | 102, Luxembourg | 103, Madagascar | 104, Malawi | 105, Malaysia | 106, Maldives | 107, Mali | 108, Malta | 109, Marshall Islands | 110, Mauritania | 111, Mauritius | 112, Mexico | 113, Micronesia | 114, Moldova | 115, Monaco | 116, Mongolia | 117, Montenegro | 118, Morocco | 119, Mozambique | 120, Myanmar (formerly Burma) | 121, Namibia | 122, Nauru | 123, Nepal | 124, Netherlands | 125, New Zealand | 126, Nicaragua | 127, Niger | 128, Nigeria | 129, North Korea | 130, North Macedonia | 131, Norway | 132, Oman | 133, Pakistan | 134, Palau | 135, Palestine State | 136, Panama | 137, Papua New Guinea | 138, Paraguay | 139, Peru | 140, Philippines | 141, Poland | 142, Portugal | 143, Qatar | 144, Romania | 145, Russia | 146, Rwanda | 147, Saint Kitts and Nevis | 148, Saint Lucia | 149, Saint Vincent and the Grenadines | 150, Samoa | 151, San Marino | 152, Sao Tome and Principe | 153, Saudi Arabia | 154, Senegal | 155, Serbia | 156, Seychelles | 157, Sierra Leone | 158, Singapore | 159, Slovakia | 160, Slovenia | 161, Solomon Islands | 162, Somalia | 163, South Africa | 164, South Korea | 165, South Sudan | 166, Spain | 167, Sri Lanka | 168, Sudan | 169, Suriname | 170, Sweden | 171, Switzerland | 172, Syria | 173, Tajikistan | 174, Tanzania | 175, Thailand | 176, Timor-Leste | 177, Togo | 178, Tonga | 179, Trinidad and Tobago | 180, Tunisia | 181, Turkey | 182, Turkmenistan | 183, Tuvalu | 184, Uganda | 185, Ukraine | 186, United Arab Emirates | 187, United Kingdom | 188, Uruguay | 189, Uzbekistan | 190, Vanuatu | 191, Venezuela | 192, Vietnam | 193, Yemen | 194, Zambia | 195, Zimbabwe",,autocomplete,,,,,y,,,,,
st_region,institutional_questionnaire,,text,"State or region",,,,,,,,y,,,,,
contact_name,institutional_questionnaire,,text,"Contact name",,,,,,y,,,,,,,
contact_email,institutional_questionnaire,,text,"Contact email",,,email,,,y,,,,,,,
program_status,institutional_questionnaire,"<div class=""rich-text-field-label""><h4>REDCap Program Information</h4> <p><span style=""font-weight: normal;"">For the purposes of this survey:</span></p> <p><span style=""font-weight: normal;"">Your </span>""REDCap Program""<span style=""font-weight: normal;""> is defined as the combination of project user support offerings, choice of application upgrade cycles (standard vs LTS) and control center configurations. It includes the experience and guidance your staff provides to your users and your insitution about REDCap.</span></p></div>",radio,"<div class=""rich-text-field-label""><p>How would you classify your REDCap program?</p> <p><span style=""font-weight: normal;"">In general, how do you feel about your program's project user support offerings, the ease of application upgrade cycles, and the experience / guidance  your program provides to your users and your insitution about REDCap.  </span></p> <p><span style=""font-weight: normal;"">How do you think your program compares to other REDCap programs?</span></p></div>","1, We're in a startup phase. | 2, We're past start up, and would classify our program as beginner. | 3, We're somewhere in the middle / intermediate. | 4, Our program has been around awhile, and we're still working on improvements. | 5, Our program is a well-oiled machine.",,,,,,,,LV,,,,
program_growth,institutional_questionnaire,,radio,"<div class=""rich-text-field-label""><p>How would you classify the current growth phase of your program?<br><br><span style=""font-weight: normal;"">Growth can be defined as an increased interest in your REDCap program, increase of new and/or active users, and/or increase of new and/or active projects.</span></p></div>","1, Implementation Phase - Haven't started onboarding users or projects yet. | 2, We're just starting to onboard users/projects. | 3, We're in a steady growth phase. | 4, We're in a rapid growth phase. | 5, Our growth has plateaued (leveled off, slowed/no growth).",,,,,,,,LV,,,,
program_model,institutional_questionnaire,,radio,"In general, what's your REDCap Project Support model?","0, We offer no / minimal REDCap project user support | 1, We offer REDCap project support at no charge for all project users | 2, We offer REDCap project support and charge all project users | 3, We offer REDCap project support with both: no charge and charge model(s)",,,,,,,,LV,,,,
program_funding,institutional_questionnaire,,checkbox,"How is your REDCap program funded?","1, Institutional Operating Funds | 2, NIH CTSA Grant | 3, Project Grants or Contracts | 4, Cost Recovery Model (Charge backs) | 98, Other {program_funding_other}",,,,,,,,LV,,,,
program_funding_other,institutional_questionnaire,,text,Other,,,,,,,"[program_funding(98)] = '1'",,,,,," @PLACEHOLDER='Please specify'"
support_type,institutional_questionnaire,,radio,"What Department / Team primarily supports your REDCap program? ","1, Information Systems/Technology Infrastructure | 2, Information Systems/Technology Applications | 3, Academic / Research Programs | 4, Data Management / Quality | 5, Biostats / Analytics | 7, Clinical Trials Office | 6, REDCap Team (more than 4 people dedicated only to REDCap) | 98, Other {support_type_other}",,,,,,,,LV,,,,
support_type_other,institutional_questionnaire,,text,,,,,,,,[support_type]='98',,,,,," @PLACEHOLDER='Please describe'"
totaladmin,institutional_questionnaire,"<h4>Institutional Staff Support for REDCap",text,"<div class=""rich-text-field-label""><p>How many people (including yourself) support your REDCap Program in any capacity (technical or end user support)? <span style=""font-weight: normal;"">Please count each person regardless of whether they are partially funded or part-time in their role as REDCap support.</span><br><br>For example:<br><span style=""font-weight: normal;"">If you have </span>1<span style=""font-weight: normal;""> full time person and </span>1<span style=""font-weight: normal;""> half-time person who supports your REDCap program you would enter </span>2<span style=""font-weight: normal;""> people.</span></p></div>",,,integer,0,,,,,LV,,,,"Specifically not FTE. Want the raw number of administrators that support REDCap regardless of partially funded support. Changed validation to interger @PLACEHOLDER='Number of people'"
total_fte,institutional_questionnaire,,text,"<div class=""rich-text-field-label""><p>What is the total Full Time Effort (FTE) that generally supports your REDCap program in any capacity (technical or end user support)? <span style=""font-weight: normal;"">Please total the effort and represent the number as a decimal. </span><br><br>For example:<br><span style=""font-weight: normal;"">If you have </span>1<span style=""font-weight: normal;""> full time person and </span>1<span style=""font-weight: normal;""> half-time person who supports your REDCap program you would have </span>1.5<span style=""font-weight: normal;""> FTE.</span></p></div>",,,number,0,,,,,LV,,,," @PLACEHOLDER='FTE as a decimal'"
personnel_embed,institutional_questionnaire,,descriptive,"<div class=""rich-text-field-label""><p>For each of the categories below, enter how many people and how many FTEs spend their time working on those categories.</p> <table style=""border-collapse: collapse; width: 100%; height: 100px;"" border=""1""><colgroup><col style=""width: 33.3333%;""><col style=""width: 33.3333%;""><col style=""width: 33.3333%;""></colgroup> <tbody> <tr style=""height: 25px;""> <td style=""background-color: #c1bfb5;"">Role</td> <td style=""text-align: left; background-color: #c1bfb5;"">People</td> <td style=""text-align: left; background-color: #c1bfb5;"">Full Time Equivalents (FTE)</td> </tr> <tr style=""height: 25px;""> <td>Server or technical support</td> <td>{admin_server}</td> <td>{admin_server_fte}</td> </tr> <tr style=""height: 25px;""> <td>End user (project user) support</td> <td>{admin_user}</td> <td>{admin_user_fte}</td> </tr> <tr style=""height: 25px;""> <td>Coding</td> <td>{admin_code}</td> <td>{admin_coding_fte}</td> </tr> </tbody> </table></div>",,,,,,,,,,,,,
admin_server,institutional_questionnaire,,text,"How many people provide server or technical support? ",,,number,,,,,,,,,,
admin_server_fte,institutional_questionnaire,,text,"How much FTE is spent on server or technical support ? (average over the year)",,,number,,,,,,,,,,
admin_user,institutional_questionnaire,,text,"How many people provide end user (project user) support?",,,number,,,,,,,,,,
admin_user_fte,institutional_questionnaire,,text,"How much FTE is spent on end user support?",,,number,,,,,,,,,,
admin_code,institutional_questionnaire,,text,"How many people spend time on coding?",,,number,,,,,,,,,,
admin_coding_fte,institutional_questionnaire,,text,"How much FTE is spent on coding?",,,number,,,,,,,,,,
salary_embed,institutional_questionnaire,,descriptive,"<div class=""rich-text-field-label""><p>If you were hiring today, at what salary <em>range </em>would you hire...</p> <table style=""border-collapse: collapse; width: 100%;"" border=""1""><colgroup><col style=""width: 76.8442%;""><col style=""width: 23.1558%;""></colgroup> <tbody> <tr> <td style=""background-color: #c1bfb5;"">Position</td> <td style=""background-color: #c1bfb5;"">Salary</td> </tr> <tr> <td>...an entry level REDCap administrator?</td> <td>{sal_entry}</td> </tr> <tr> <td>...mid-level REDCap administrator?</td> <td>{sal_mid}</td> </tr> <tr> <td>...a senior REDCap administrator?</td> <td>{sal_sen}</td> </tr> </tbody> </table> <p>Please note currency in your response.</p></div>",,,,,,,,,,,,,
sal_entry,institutional_questionnaire,,text,"What salary range would you hire an entry level REDCap administrator?",,,,,,,,,,,,,
sal_mid,institutional_questionnaire,,text,"What salary range would you hire an mid level REDCap administrator?",,,,,,,,,,,,,
sal_sen,institutional_questionnaire,,text,"What salary range would you hire a senior REDCap administrator?",,,,,,,,,,,,,
oth_comp,institutional_questionnaire,,notes,"Is there other noteworthy compensation forms offered at your institution?",,,,,,,,,LV,,,," @PLACEHOLDER='Please describe'"
progress_25,institutional_questionnaire2,,descriptive,"<div class=""progress"" style=""border-radius: 8px; height: 16px; font-size: 12.8px; background-color: #fff;""><div class=""progress-bar progress-bar-striped progress-bar-animated bg-danger"" style=""width: 25%; font-size: 12px; border-radius: 8px;background: ; color: hsl(0, 0%, 100%)"" role=""progressbar"" aria-valuenow=25 aria-valuemin=""0"" aria-valuemax=""100"">25%</div></div>",,,,,,,,,,,,,
redcap_instance_count,institutional_questionnaire2,"<div class=""rich-text-field-label""><h4>REDCap Instance Information</h4> <p><span style=""font-weight: normal;"">If your program supports multiple REDCap production instances, you should designate one as your </span>""Primary REDCap Instance""<span style=""font-weight: normal;""> and answer the questions consistently in reference to that instance. </span><br><br><span style=""font-weight: normal;"">Many institutions only have one instance for their user population. If you support multiple instances, think of your </span>""primary instance""<span style=""font-weight: normal;""> as the one used by the most users at your institution/organization and used by the most diverse group of users. If you're so inclined and you have more than one ""primary instance"", you can complete more than one survey!</span></p></div>",text,"<div class=""rich-text-field-label""><p style=""text-align: justify;"">How many REDCap instances does your team support?</p> <p style=""text-align: justify;""><span style=""font-weight: normal;"">For example:</span></p> <ul> <li style=""text-align: justify;""><span style=""font-weight: normal;"">Separate Regulatory/Security instance</span></li> <li style=""text-align: justify;""><span style=""font-weight: normal;"">Separate instance(s) for different campuses</span></li> <li style=""text-align: justify;""><span style=""font-weight: normal;"">Perhaps you have separate instances for special purposes</span></li> </ul> <p style=""text-align: justify;""><span style=""text-decoration: underline;""><span style=""font-weight: normal;"">Do not include dev-only servers that do not host real data</span></span></p></div>",,,integer,,,,,,LV,,,,
shazam_2,institutional_questionnaire2,,descriptive,"<style>
body {
  background-image: url(""https://i.imgur.com/qUMiJRu.png"");
  background-repeat: repeat;
background-attachment: fixed;
  background-size: 200px;
}

#container{
box-shadow: 3px 2px 17px 3px rgba(0,0,0,0.57);
padding-top: 35px;
padding-bottom: 35px;
border-radius: 25px;
margin-top: 25px;
border-style: solid;
border-color: #4E4C4C;
border-width: 5px;
 }
</style>",,,,,,,,,,,,,
startdate_desc,institutional_questionnaire2,,descriptive,"<div class=""rich-text-field-label""><p>When was your Primary REDCap Instance initialized?</p> <p>{redcap_start_date}</p> <p><span style=""font-weight: normal;"">If you have access to the Database Query Tool (control center), you can run this query to determine when the first project was created:</span></p> <pre>SELECT <br>    project_id, creation_time<br>FROM<br>    redcap_projects<br>WHERE<br>    project_id IN (SELECT <br>            MIN(project_id)<br>        FROM<br>            redcap_projects)</pre> <ul> <li><span style=""font-weight: normal;"">If unknown, best guess is okay.</span></li> <li><span style=""font-weight: normal;"">If you administer / support more than one instance, pick the earliest instance.</span></li> </ul></div>",,,,,,,,,,,,,
redcap_pop,institutional_questionnaire2,,checkbox,"<div class=""rich-text-field-label""><p>Who does your Primary REDCap Instance serve / support? </p></div>","1, Limited to specific types of users, groups, departments or projects | 2, One Institution / Organization | 3, Multiple Institutions / Organizations | 98, Other {redcap_pop_other}",,,,,,,,LV,,,,
redcap_pop_other,institutional_questionnaire2,,text,,,,,,,,"[redcap_pop(98)] = '1'",,,,,," @PLACEHOLDER='Please describe'"
redcap_start_date,institutional_questionnaire2,,text,"<div class=""rich-text-field-label""><p>When was your Primary REDCap Instance initialized?</p></div>",,,date_ymd,,,,,,RH,,,," @HIDEBUTTON"
active_user_desc,institutional_questionnaire2,,descriptive,"<div class=""rich-text-field-label""><p>How many active end users does your Primary REDCap Instance support?</p> <p>{active_users}<br><br><span style=""font-weight: normal;"">To find the number of end users, please run this query:</span></p> <pre>SELECT <br>    COUNT(*) AS ActiveUsers<br>FROM<br>    redcap_user_information<br>WHERE<br>    DATEDIFF(NOW(), user_lastactivity) < 183</pre></div>",,,,,,,,,,,,,
active_users,institutional_questionnaire2,,text,"<div class=""rich-text-field-label""><p>How many active end users does your Primary REDCap Instance support?</p></div>",,"no commas please",number,,,,,,LV,,,,
active_projects,institutional_questionnaire2,,text,"<div class=""rich-text-field-label""><p>How many active projects does your Primary REDCap Instance support?<br><br><span style=""font-weight: normal;"">To find the number of projects, please run this query:</span></p> <pre>SELECT <br>    COUNT(*) AS ActiveProjects<br>FROM<br>    redcap_projects<br>WHERE<br>    DATEDIFF(NOW(), last_logged_event) < 183</pre></div>",,"no commas please",number,,,,,,LV,,,,
events_desc,institutional_questionnaire2,,descriptive,"<div class=""rich-text-field-label""><p>How many logged events does your Primary REDCap Instance have in the past 30 days?</p> <p><img src=""https://redcap.vumc.org/redcap_v14.3.14/DataEntry/image_view.php?pid=192108&id=12361031&doc_id_hash=ba987be9ec0a1c8ea22959623a55a363141ee70d""></p> <p>{logged_events}</p> <p>You can find this graph by navigating to your Control Center and selecting ""System Statistics"" from the left hand menu. </p></div>",,,,,,,,,,,,,
logged_events,institutional_questionnaire2,,text,"<div class=""rich-text-field-label""><p>How many logged events does your Primary REDCap Instance have in the past 30 days? </p></div>",,"no commas please",number,,,,,,,,,,
em_no,institutional_questionnaire2,,text,"<div class=""rich-text-field-label""><p>How many external modules (internal or external), hooks, or plugins does your REDCap Program support? <span style=""font-weight: normal;"">Please add all modules across all instances.</span></p></div>",,,number,,,,,,,,,,
ccus_table,institutional_questionnaire2,"<h4>Control Center User Settings",descriptive,"<div class=""rich-text-field-label""><table style=""border-collapse: collapse; width: 100%; height: 259px;"" border=""0""><colgroup><col style=""width: 52.8268%;""><col style=""width: 47.1732%;""></colgroup> <tbody> <tr style=""height: 43px;""> <td style=""background-color: #c1bfb5;"" colspan=""2""> <h5>Please navigate to your Primary REDCap Instance Control Center -> User Settings and record your settings below.</h5> Do you...</td> </tr> <tr style=""height: 25px;""> <td style=""vertical-align: top;"">Allow normal users to create new projects?</td> <td>{ccus_createprojects}</td> </tr> <tr style=""height: 26px;""> <td style=""vertical-align: top;"">Allow normal users to move projects to production?</td> <td>{ccus_moveprod}</td> </tr> <tr style=""height: 43px;""> <td style=""vertical-align: top;"">Allow production Draft Mode changes to be approved automatically under certain conditions?</td> <td>{ccus_changerequests}</td> </tr> <tr style=""height: 61px;""> <td style=""vertical-align: top;"">Allow normal users to modify the 'Repeating Instruments & Events' settings for projects while in production status?</td> <td>{ccus_repeatingsetup}</td> </tr> <tr style=""height: 61px;""> <td style=""vertical-align: top;"">Allow normal users to add or modify events and arms on the Define My Events page for longitudinal projects while in production status?</td> <td>{ccus_addevents}</td> </tr> <tr> <td style=""vertical-align: top;"">What is you user authentication method?</td> <td>{ccus_authenticate}</td> </tr> </tbody> </table></div>",,,,,,,,,,,,,
ccus_createprojects,institutional_questionnaire2,,radio,"Allow normal users to create new projects?","1, Yes, normal users can create new projects | 0, No, only Administrators can create projects",,,,,,,,LV,,,,
ccus_moveprod,institutional_questionnaire2,,radio,"Allow normal users to move projects to production?","1, Yes, normal users can move projects to production | 0, No, only Administrators can move projects to production",,,,,,,,LV,,,,
ccus_changerequests,institutional_questionnaire2,,radio,"Allow production Draft Mode changes to be approved automatically under certain conditions?","0, Never (always require an admin to approve changes) | 1, Yes, if no existing fields were modified | 2, Yes, if project has no records OR it has records and no existing fields were modified | 3, Yes, if no critical issues exist | 4, Yes, if project has no records OR it has records and no critical issues exist",,,,,,,,LV,,,,
ccus_repeatingsetup,institutional_questionnaire2,,radio,"Allow normal users to modify the 'Repeating Instruments & Events' settings for projects while in production status?","0, No, only Administrators can modify the repeating instance setup in production | 1, Yes, normal users can modify the repeating instance setup in production",,,,,,,,LV,,,,
ccus_addevents,institutional_questionnaire2,,radio,"Allow normal users to add or modify events and arms on the Define My Events page for longitudinal projects while in production status?","0, No, only Administrators can add/modify events in production | 1, Yes, normal users can add/modify events in production",,,,,,,,LV,,,,
ccus_authenticate,institutional_questionnaire2,,radio,"What is you user authentication method?","1, Table-based | 2, LDAP (or any institutional sign-on like Shibboleth, OpenID, etc.) | 3, Both Table-based + LDAP | 99, I don't know",,,,,,,,LV,,,,
progress_50,institutional_questionnaire3,,descriptive,"<div class=""progress"" style=""border-radius: 8px; height: 16px; font-size: 12.8px; background-color: #fff;""><div class=""progress-bar progress-bar-striped progress-bar-animated bg-danger"" style=""width: 50%; font-size: 12px; border-radius: 8px;background: ; color: hsl(0, 0%, 100%)"" role=""progressbar"" aria-valuenow=50 aria-valuemin=""0"" aria-valuemax=""100"">50%</div></div>",,,,,,,,,,,,,
desc,institutional_questionnaire3,"<div class=""rich-text-field-label""><h4>Support Model Questions</h4> <p><span style=""font-weight: normal;"">The next questions ask about various functionalities in REDCap. We would like to know if your REDCap Admin team provides support for any of these if a project requires that functionality.</span></p> <table style=""border-collapse: collapse; width: 100%; height: 142px;"" border=""1""><colgroup><col style=""width: 16.2065%;""><col style=""width: 83.9391%;""></colgroup> <tbody> <tr style=""height: 25px;""> <td style=""background-color: #c1bfb5;"">Term</td> <td style=""background-color: #c1bfb5;"">Description</td> </tr> <tr style=""height: 25px;""> <td style=""background-color: #ecf0f1;"">Always</td> <td style=""background-color: #ecf0f1;"">This is a key functionality we support</td> </tr> <tr style=""height: 25px;""> <td style=""background-color: #ecf0f1;"">Sometimes</td> <td style=""background-color: #ecf0f1;"">Our support is on a case-by-case basis</td> </tr> <tr style=""height: 24px;""> <td style=""background-color: #ecf0f1;"">Never</td> <td style=""background-color: #ecf0f1;"">We never support this or this functionality is not allowed or available on our instance</td> </tr> <tr style=""height: 43px;""> <td style=""background-color: #ecf0f1;"">I don't know</td> <td style=""background-color: #ecf0f1;"">Please choose this if you have never heard of the functionality or have no current plan on whether or not your team would support it.</td> </tr> </tbody> </table></div>",descriptive,,,,,,,,,,,,,,
shazam_3,institutional_questionnaire3,,descriptive,"<style>
body {
  background-image: url(""https://i.imgur.com/qUMiJRu.png"");
  background-repeat: repeat;
background-attachment: fixed;
  background-size: 200px;
}

#container{
box-shadow: 3px 2px 17px 3px rgba(0,0,0,0.57);
padding-top: 35px;
padding-bottom: 35px;
border-radius: 25px;
margin-top: 25px;
border-style: solid;
border-color: #4E4C4C;
border-width: 5px;
 }
</style>",,,,,,,,,,,,,
supposrtchargeinstr,institutional_questionnaire3,,descriptive,"<div class=""rich-text-field-label""><p class=""green"">You indicated above that you charge some or all project users for support. Thinking about your charge model, we would like to know if you specifically charge for any of the funtionalities you indicate you support.</p></div>",,,,,,,"([program_model]='2' or [program_model]='3')",,,,,,
manageusers,institutional_questionnaire3,"General Support",radio,"Do you manage user access (e.g. add/remove users to your instance)?","1, Always | 2, Sometimes | 3, Never | 99, I don't know",,,,,,,,,,mg_2fcc79,,
create,institutional_questionnaire3,,radio,"Do you create new projects for end users?","1, Always | 2, Sometimes | 3, Never | 99, I don't know",,,,,,,,,,mg_2fcc79,,
create_charge,institutional_questionnaire3,,radio,"Do you charge for creating a new project?","1, Always | 2, Sometimes | 3, Never | 99, I don't know",,,,,,"([create]='1' or [create]='2') and ([program_model]='2' or [program_model]='3')",,,,mg_2fcc79,,
design,institutional_questionnaire3,,radio,"Do you assist with or consult on project design?","1, Always | 2, Sometimes | 3, Never | 99, I don't know",,,,,,,,,,mg_2fcc79,,
design_charge,institutional_questionnaire3,,radio,"Do you charge for assisting with or consult on project design?","1, Always | 2, Sometimes | 3, Never | 99, I don't know",,,,,,"([design]='1' or [design]='2') and ([program_model]='2' or [program_model]='3')",,,,mg_2fcc79,,
build,institutional_questionnaire3,,radio,"Do you build projects for end users?","1, Always | 2, Sometimes | 3, Never | 99, I don't know",,,,,,,,,,mg_2fcc79,,
build_charge,institutional_questionnaire3,,radio,"Do you charge for project builds?","1, Always | 2, Sometimes | 3, Never | 99, I don't know",,,,,,"([build] = '1' or [build] = '2')  and ([program_model]='2' or [program_model]='3')",,,,mg_2fcc79,,
maintain,institutional_questionnaire3,,radio,"Do you maintain projects for end users?","1, Always | 2, Sometimes | 3, Never | 99, I don't know",,,,,,,,,,mg_2fcc79,,
maintain_charge,institutional_questionnaire3,,radio,"Do you charge for maintaining projects?","1, Always | 2, Sometimes | 3, Never | 99, I don't know",,,,,,"([maintain]='1' or [maintain]='2') and ([program_model]='2' or [program_model]='3')",,,,mg_2fcc79,,
ts,institutional_questionnaire3,,radio,"Do you provide troubleshooting for end users?","1, Always | 2, Sometimes | 3, Never | 99, I don't know",,,,,,,,,,mg_2fcc79,,
ts_charge,institutional_questionnaire3,,radio,"Do you charge for troubleshooting?</p></div>","1, Always | 2, Sometimes | 3, Never | 99, I don't know",,,,,,"([ts]='1' or [ts]='2') and ([program_model]='2' or [program_model]='3')",,,,mg_2fcc79,,
em,institutional_questionnaire3,"Advanced REDCap Tools",radio,"Do you allow the use of external modules?","1, Always | 2, Sometimes | 3, Never | 99, I don't know",,,,,,,,,,mg_6ad380,,
em_charge,institutional_questionnaire3,,radio,"Do you charge for the use of external modules?","1, Always | 2, Sometimes | 3, Never | 99, I don't know",,,,,,"([em]='1' or [em]='2') and ([program_model]='2' or [program_model]='3')",,,,mg_6ad380,,
cc,institutional_questionnaire3,,radio,"Do you support custom coding?","1, Always | 2, Sometimes | 3, Never | 99, I don't know",,,,,,,,,,mg_6ad380,,
cc_charge,institutional_questionnaire3,,radio,"Do you charge for custom coding?","1, Always | 2, Sometimes | 3, Never | 99, I don't know",,,,,,"([cc]='1' or [cc]='2') and ([program_model]='2' or [program_model]='3')",,,,mg_6ad380,,
api,institutional_questionnaire3,,radio,"Do you allow for API usage?","1, Always | 2, Sometimes | 3, Never | 99, I don't know",,,,,,,,,,mg_6ad380,,
api_charge,institutional_questionnaire3,,radio,"Do you charge for API usage?","1, Always | 2, Sometimes | 3, Never | 99, I don't know",,,,,,"([api]='1' or [api]='2') and ([program_model]='2' or [program_model]='3')",,,,mg_6ad380,,
recovery,institutional_questionnaire3,,radio,"Do you provide project back up recovery services?<br><br><span style=""font-weight: normal;"">For example, if a researcher deletes or destroys their project data or build, and requests a back up / recovery from system backups, do you provide?</span></p></div>","1, Always | 2, Sometimes | 3, Never | 99, I don't know",,,,,,,,,,mg_6ad380,,
recovery_charge,institutional_questionnaire3,,radio,"Do you charge for project back up and recovery?","1, Always | 2, Sometimes | 3, Never | 99, I don't know",,,,,,"([recovery]='1' or [recovery]='2') and ([program_model]='2' or [program_model]='3')",,,,mg_6ad380,,
mobile,institutional_questionnaire3,"REDCap Tools",radio,"Do you support the mobile app?","1, Always | 2, Sometimes | 3, Never | 99, I don't know",,,,,,,,,,mg_58ff0a,,
mobile_charge,institutional_questionnaire3,,radio,"Do you charge for support of the mobile app?","1, Always | 2, Sometimes | 3, Never | 99, I don't know",,,,,,"([mobile]='1' or [mobile]='2') and ([program_model]='2' or [program_model]='3')",,,,mg_58ff0a,,
random,institutional_questionnaire3,,radio,"Do you provide randomization setup?","1, Always | 2, Sometimes | 3, Never | 99, I don't know",,,,,,,,,,mg_58ff0a,,
random_charge,institutional_questionnaire3,,radio,"Do you charge for randomization setup?","1, Always | 2, Sometimes | 3, Never | 99, I don't know",,,,,,"([random]='1' or [random]='2') and ([program_model]='2' or [program_model]='3')",,,,mg_58ff0a,,
econ,institutional_questionnaire3,,radio,"Do you provide econsent setup or management?","1, Always | 2, Sometimes | 3, Never | 99, I don't know",,,,,,,,,,mg_58ff0a,,
econ_charge,institutional_questionnaire3,,radio,"Do you charge for econsent setup or management?","1, Always | 2, Sometimes | 3, Never | 99, I don't know",,,,,,"([econ]='1' or [econ]='2') and ([program_model]='2' or [program_model]='3')",,,,mg_58ff0a,,
mycap,institutional_questionnaire3,,radio,"Do you support MyCap?","1, Always | 2, Sometimes | 3, Never | 99, I don't know",,,,,,,,,,mg_58ff0a,,
mycap_charge,institutional_questionnaire3,,radio,"Do you charge for the support of MyCap?","1, Always | 2, Sometimes | 3, Never | 99, I don't know",,,,,,"([mycap]='1' or [mycap]='2') and ([program_model]='2' or [program_model]='3')",,,,mg_58ff0a,,
mlm,institutional_questionnaire3,,radio,"Do you support the use of the multi-language management tool?","1, Always | 2, Sometimes | 3, Never | 99, I don't know",,,,,,,,,,mg_58ff0a,,
mlm_charge,institutional_questionnaire3,,radio,"Do you charge for supporting the multi-language management tool?","1, Always | 2, Sometimes | 3, Never | 99, I don't know",,,,,,"([mlm]='1' or [mlm]='2') and ([program_model]='2' or [program_model]='3')",,,,mg_58ff0a,,
cdp,institutional_questionnaire3,,radio,"Do you support the Clinical Data Pull?","1, Always | 2, Sometimes | 3, Never | 99, I don't know",,,,,,,,,,mg_58ff0a,,
cdp_charge,institutional_questionnaire3,,radio,"Do you charge for the Clinical Data Pull?","1, Always | 2, Sometimes | 3, Never | 99, I don't know",,,,,,"([cdp]='1' or [cdp]='2') and ([program_model]='2' or [program_model]='3')",,,,mg_58ff0a,,
cdm,institutional_questionnaire3,,radio,"Do you support the Clinical Data Mart?","1, Always | 2, Sometimes | 3, Never | 99, I don't know",,,,,,,,,,mg_58ff0a,,
cdm_charge,institutional_questionnaire3,,radio,"Do you charge for the Clinical Data Mart?","1, Always | 2, Sometimes | 3, Never | 99, I don't know",,,,,,"([cdm]='1' or [cdm]='2') and ([program_model]='2' or [program_model]='3')",,,,mg_58ff0a,,
group,institutional_questionnaire3,"End User Support",radio,"Do you provide office hours or clinic time for end user support?","1, Always | 2, Sometimes | 3, Never | 99, I don't know",,,,,,,,,,mg_5cd8a3,,
group_charge,institutional_questionnaire3,,radio,"Do you charge for office hours or clinic time for end user support?","1, Always | 2, Sometimes | 3, Never | 99, I don't know",,,,,,"([group]='1' or [group]='2') and ([program_model]='2' or [program_model]='3')",,,,mg_5cd8a3,,
ind,institutional_questionnaire3,,radio,"Do you provide one on one support sessions?","1, Always | 2, Sometimes | 3, Never | 99, I don't know",,,,,,,,,,mg_5cd8a3,,
ind_charge,institutional_questionnaire3,,radio,"Do you charge for one on one support sessions?","1, Always | 2, Sometimes | 3, Never | 99, I don't know",,,,,,"([ind]='1' or [ind]='2') and ([program_model]='2' or [program_model]='3')",,,,mg_5cd8a3,,
l_train,institutional_questionnaire3,,radio,"Do you provide live training for end users?","1, Always | 2, Sometimes | 3, Never | 99, I don't know",,,,,,,,,,mg_5cd8a3,,
l_train_charge,institutional_questionnaire3,,radio,"Do you charge for live training for end users?","1, Always | 2, Sometimes | 3, Never | 99, I don't know",,,,,,"([l_train]='1' or [l_train]='2') and ([program_model]='2' or [program_model]='3')",,,,mg_5cd8a3,,
s_train,institutional_questionnaire3,,radio,"Do you provide other training for end users?","1, Always | 2, Sometimes | 3, Never | 99, I don't know",,,,,,,,,,mg_5cd8a3,,
s_train_charge,institutional_questionnaire3,,radio,"Do you charge for other training for end users?","1, Always | 2, Sometimes | 3, Never | 99, I don't know",,,,,,"([s_train]='1' or [s_train]='2') and ([program_model]='2' or [program_model]='3')",,,,mg_5cd8a3,,
progress_75,institutional_questionnaire4,,descriptive,"<div class=""progress"" style=""border-radius: 8px; height: 16px; font-size: 12.8px; background-color: #fff;""><div class=""progress-bar progress-bar-striped progress-bar-animated bg-danger"" style=""width: 75%; font-size: 12px; border-radius: 8px;background: ; color: hsl(0, 0%, 100%)"" role=""progressbar"" aria-valuenow=75 aria-valuemin=""0"" aria-valuemax=""100"">75%</div></div>",,,,,,,,,,,,,
shazam_4,institutional_questionnaire4,,descriptive,"<style>
body {
  background-image: url(""https://i.imgur.com/qUMiJRu.png"");
  background-repeat: repeat;
background-attachment: fixed;
  background-size: 200px;
}

#container{
box-shadow: 3px 2px 17px 3px rgba(0,0,0,0.57);
padding-top: 35px;
padding-bottom: 35px;
border-radius: 25px;
margin-top: 25px;
border-style: solid;
border-color: #4E4C4C;
border-width: 5px;
 }
</style>",,,,,,,,,,,,,
charge_type,institutional_questionnaire4,"<h4>REDCap Services - Charge Model</h4>",checkbox,"How would you categorize your charge model(s)?","1, Bill by time/effort (ex: hourly) | 2, Staff % Effort (designated percent allocation to grant/contract/department) | 3, Published services with rates | 4, Subscription | 98, Other {charge_type_other}",,,,,,"([program_model]='2' or [program_model]='3')",,LV,,,,
charge_type_other,institutional_questionnaire4,,text,,,,,,,,"[charge_type(98)] = '1'",,,,,," @PLACEHOLDER='Please specify'"
charge_reasons,institutional_questionnaire4,,checkbox,"Why do you have a charge model?","1, Cost Recovery | 2, Demand Management | 3, To offer additional support / supplement ""no cost"" support for project users | 4, To provide advanced services, like API integration or External Module / custom project features | 5, To fund additional FTE support for the program | 6, To support specific projects/grants/contracts/departments | 98, Other {charge_reasons_other}",,,,,,"([program_model]='2' or [program_model]='3')",,LV,,,,
charge_reasons_other,institutional_questionnaire4,,text,,,,,,,,"[charge_reasons(98)] = '1'",,,,,," @PLACEHOLDER='Please specify'"
charge_staff,institutional_questionnaire4,,text,"<div class=""rich-text-field-label""><p>How many staff support your charge model for REDCap services? <br><br><span style=""font-weight: normal;"">Please count each person regardless of whether they are partially funded or part-time in their REDCap role. Include any staff that perform REDCap work and/or are on your REDCap team and are involved in the charge model. </span></p> <p><span style=""font-weight: normal;"">Do not include individuals that are only involved in billing / administration (ex: project manager, time keeper). Includes those individials in question below.</span><br><br><span style=""font-weight: normal;"">For example: If you have 1 full time person and 1 half-time person who supports your charge model you would enter 2 people.</span></p></div>",,,integer,,,,"([program_model]='2' or [program_model]='3')",,LV,,,," @PLACEHOLDER='Number of people'"
charge_effort,institutional_questionnaire4,,radio,"Is your charge model effort:","1, Overstaffed | 2, Appropriately staffed | 3, Understaffed",,,,,,"([program_model]='2' or [program_model]='3')",,,,,,
charge_success,institutional_questionnaire4,,radio,"Do you think your charge model is successful?","1, Not at all | 2, Somewhat | 3, Very",,,,,,"([program_model]='2' or [program_model]='3')",,,,,,
charge_success_reason,institutional_questionnaire4,,notes,"What's one thing that makes your charge model(s) successful?",,,,,,,"([program_model]='2' or [program_model]='3')",,LV,,,,
charge_challenge,institutional_questionnaire4,,notes,"What's your biggest challenge with your charge model(s)?",,,,,,,"([program_model]='2' or [program_model]='3')",,LV,,,,
bill_mang,institutional_questionnaire4,,notes,"<div class=""rich-text-field-label""><p>How/who is billing handled at your institution?<br><br><span style=""font-weight: normal;"">Please include information about individuals required for administrative effort of the charge model (ex: project manager, time keeper).</span></p></div>",,,,,,,"([program_model]='2' or [program_model]='3')",,LV,,,,
fee_mange_sat,institutional_questionnaire4,,radio,"How satisfied are you with how fees are handled?","1, Completely satisfied | 2, Somewhat satisfied | 3, Neutral | 4, Somewhat dissatisifed | 5, Very dissatisfied",,,,,,"([program_model]='2' or [program_model]='3')",,,,,,
sec_type,institutional_questionnaire4,"<div class=""rich-text-field-label""><h4>Regulatory and Security Compliance Services</h4></div>",checkbox,"What levels of regulatory and/or security compliance do you provide for your system(s)?","0, None / Not Applicable | 1, HIPAA - Health Insurance Portability and Accountability Act Privacy Rule | 2, FDA 21 Code of Federal Regulations (CFR) Part 11 Compliant | 3, Good Clinical Practice (GCP) International Council for Harmonisation (ICH) E6(R2) | 4, Federal Information Security Modernization Act (FISMA) High | 5, FISMA Medium | 6, FISMA Low | 7, GDPR - General Data Protection Regulation - European Union | 98, Other {sec_type_oth}",,,,,,,,LV,,,," @NONEOFTHEABOVE=0"
sec_type_oth,institutional_questionnaire4,,text,,,,,,,,[sec_type(98)]='1',,RH,,,," @PLACEHOLDER='Please specify'"
sec_charge,institutional_questionnaire4,,radio,"Do you charge for use of your regulatory and/or security complaint system(s)?","1, Always | 2, Sometimes | 3, Never | 99, I don't know",,,,,,[sec_type(0)]<>1,,,,,,
sec_charge_model,institutional_questionnaire4,,notes,"What is your charge model for your regulatory and/or security compliant system?",,,,,,,"[sec_charge]='1' or [sec_charge]='2'",,LV,,,,
sys_validation,institutional_questionnaire4,,radio,"<div class=""rich-text-field-label""><p>Do you provide full or partial *Systems Validation for any of your REDCap Instances?<br><br><span style=""font-weight: normal;"">*in regards to regulatory compliance with Good Clinical Practice (GCP) International Council for Harmonisation (ICH) E6(R2) and The United States Food and Drug Administration (FDA) Code of Federal Regulations (CFR) Title 21 Part 11. </span></p> <p><span style=""font-weight: normal;"">For this survey, please answer ""yes"" if you perform systems validation for any reason, including module/workflow specific like eConsent validation.</span></p></div>","1, Yes | 0, No | 2, Not currently, but plan to support",,,,,,[sec_type(0)]<>1,,,,,,
who_val_initial,institutional_questionnaire4,,checkbox,"<div class=""rich-text-field-label""><p>Who performed your <span style=""text-decoration: underline;"">initial</span> Systems Validation?</p></div>","1, Hired contractors / consultants (outsource) | 2, REDCap Program staff | 3, Other institutional staff (non-REDCap staff) | 98, Other {who_val_other}",,,,,,[sys_validation]='1',,LV,,,,
who_val_other,institutional_questionnaire4,,text,,,,,,,,"[who_val_initial(98)] = '1'",,,,,," @PLACEHOLDER='Please specify'"
val_initial_cost,institutional_questionnaire4,,text,"<div class=""rich-text-field-label""><p>Are you willing to share the total costs associated with consultants for the initial validation? <span style=""font-weight: normal;"">If yes, please provide value:</span><br><br><span style=""font-weight: normal;"">If you cannot share exact value, can you share range of costs other institutions should prepare for?  </span></p> <ul> <li><span style=""font-weight: normal;"">Range could be based on Consultant Quote vs Actual Spend. </span></li> <li><span style=""font-weight: normal;"">And/or if you received multiple quotes from different consultants, your range could be based on the different quotes.</span></li> </ul></div>",,,,,,,[who_val_initial(1)]=1,,,,,,
who_val_ongoing,institutional_questionnaire4,,checkbox,"<div class=""rich-text-field-label""><p>Who performs your <span style=""text-decoration: underline;"">ongoing</span> Systems Validation?</p> <p><span style=""font-weight: normal;"">If you've only completed initial systems validation, indicate who will perform future and ongoing validation.</span></p></div>","1, Hired contractors (outsource) | 2, REDCap Program staff | 3, Other institutional staff (non-REDCap staff) | 98, Other {who_val_other_ongoing}",,,,,,[sys_validation]='1',,LV,,,,
who_val_other_ongoing,institutional_questionnaire4,,text,,,,,,,,"[who_val_ongoing(98)] = '1'",,,,,," @PLACEHOLDER='Please specify'"
val_ongoing_cost,institutional_questionnaire4,,text,"<div class=""rich-text-field-label""><p>Are you willing to share costs range associated with consultants for the ongoing validation? <span style=""font-weight: normal;"">If yes, please provide value:</span><br><br><span style=""font-weight: normal;"">Range may include minor application upgrades effort/cost to major upgrades effort/cost. </span></p></div>",,,,,,,[who_val_ongoing(1)]=1,,,,,,
module_val,institutional_questionnaire4,,radio,"<div class=""rich-text-field-label""><p>Do you provide specific modules/workflow validation and documentation <span style=""font-weight: normal;"">(e.g. E-Consent, E-Signature, etc.)</span>?</p></div>","1, Yes | 0, No | 99, I don't know",,,,,,[sys_validation]='1',,RH,,,,
project_val,institutional_questionnaire4,,radio,"<div class=""rich-text-field-label""><p>Do you provide REDCap project validation <span style=""font-weight: normal;"">(project level requirements, project test and executed test scripts)</span>?<br><br></p></div>","1, Yes | 0, No | 99, I don't know",,,,,,[sys_validation]='1',,RH,,,,
rsvc,institutional_questionnaire4,,radio,"Do you leverage the REDCap Community's Software Validation and Regulatory Committee materials and/or knowledge?","1, Yes | 0, No | 99, I don't know",,,,,,[sys_validation]='1',,RH,,,,
staff_val,institutional_questionnaire4,,text,"<div class=""rich-text-field-label""><p>How many staff support your Systems Validation? <br><br><span style=""font-weight: normal;"">Please count each person regardless of whether they are partially funded or part-time in their REDCap role. Count individuals that contribute substantially to the effort, such as Authors, Validation Leads and Test Team. Do not count individuals who only review and sign documentation.</span><br><br><span style=""font-weight: normal;"">For example: If you have 1 full time person and 1 half-time person who supports Systems Validation you would enter 2 people.</span></p></div>",,,integer,,,,[sys_validation]='1',,LV,,,," @PLACEHOLDER='Number of people'"
sys_val_effort,institutional_questionnaire4,,radio,"Is your Systems Validation effort:","1, Overstaffed | 2, Appropriately staffed | 3, Understaffed",,,,,,[sys_validation]='1',,,,,,
audit_support,institutional_questionnaire4,,checkbox,"<div class=""rich-text-field-label""><p>Who provides Audit support to your REDCap project users?<br><br><span style=""font-weight: normal;"">For example, who would work directly with the FDA agent if they had questions about a clinical research study using REDCap?  Who supports a FISMA Audit?</span></p></div>","1, REDCap Admins | 2, Research Compliance | 3, Clinical Trials Office | 4, Security and Privacy Office | 5, Information Security | 6, Unsure | 7, Unsure who supports but confident it's outside our area of responsibility | 98, Other {audit_support_other}",,,,,,[sec_type(0)]<>1,,LV,,,,
audit_support_other,institutional_questionnaire4,,text,,,,,,,,"[audit_support(98)] = '1'",,,,,," @PLACEHOLDER='Please specify'"
audit_status,institutional_questionnaire4,,radio,"<div class=""rich-text-field-label""><p>Has a study been audited and your REDCap Validation Documentation been reviewed by FDA and / or Industry Sponsor?</p></div>","1, Yes | 0, No | 99, I don't know",,,,,,[sys_validation]='1',,RH,,,,
monthly_requests,institutional_questionnaire4,"<div class=""rich-text-field-label""><h4>Support for Project User Requests</h4></div>",text,"<div class=""rich-text-field-label""><p>On average, how many REDCap project user requests does your program receive <span style=""text-decoration: underline;"">per month</span>?</p> <p><span style=""font-weight: normal;"">Requests can be via phone or email. Most commonly, project users can ""Contact a REDCap Admin"" via email directly from their project.</span></p> <p><span style=""font-weight: normal;"">If you do not have an easily accessible number, approximations are fine!</span></p></div>",,"requests per month",integer,,,,,,RH,,,,
ticket,institutional_questionnaire4,,radio,"Do you use a ticketing or help desk system to track requests?","1, Yes | 0, No | 99, I don't know",,,,,,,,RH,,,,
ticket_type,institutional_questionnaire4,,checkbox,"Which platform(s) do you use to track project user requests?","1, ServiceNow | 2, Freshworks/Desk | 3, Zendesk | 4, Zoho | 5, REDCap project | 6, Jira | 7, OsTicket | 98, Other {ticket_type_other}",,,,,,"[ticket] = '1'",,LV,,,,
ticket_type_other,institutional_questionnaire4,,text,"Other ticketing system",,,,,,,[ticket_type(98)]='1',,RH,,,," @PLACEHOLDER='Please specify'"
likesetup_ticketing,institutional_questionnaire4,,radio,"How much do you like your ticketing setup?","1, Hate it | 2, It is fine | 3, Love it!",,,,,,[ticket]='1',,RH,,,,
whyuse_ticketing,institutional_questionnaire4,,notes,"What lead your institution to decide to use this ticket setup over other ticketing systems? ",,,,,,,"[ticket] = '1'",,LV,,,,
bestparts_ticketing,institutional_questionnaire4,,notes,"What are the best aspects of this ticketing setup?",,,,,,,"[ticket] = '1'",,LV,,,,
improvements_ticketing,institutional_questionnaire4,,notes,"<div class=""rich-text-field-label""><p>What improvements might make this ticketing setup better? <br>What advice or warnings would you give to other administrators who are considering using your ticketing setup?</p></div>",,,,,,,"[ticket] = '1'",,LV,,,,
version_release,institutional_questionnaire4,"<div class=""rich-text-field-label""><h4>The Technical Stuff</h4></div>",descriptive,"<div class=""rich-text-field-label""><p>What version and update model of REDCap is your Primary REDCap Instance running?<br><span style=""font-weight: normal;"">(if you are not sure, open a REDCap project and look for the REDCap version in the url)</span></p> <p><span style=""font-weight: normal;""><br>{version} {release}</span></p></div>",,,,,,,,,,,,,
version,institutional_questionnaire4,,text,"<div class=""rich-text-field-label""><p>What version of REDCap is your Primary REDCap Instance running?<br><span style=""font-weight: normal;"">(if you are not sure, open a REDCap project and look for the REDCap version in the url)</span></p></div>",,,,,,,,,,,,," @PLACEHOLDER='V ##.#.##'"
release,institutional_questionnaire4,,checkbox,"<div class=""rich-text-field-label""><p>What REDCap update model are you currently using:</p></div>","1, Standard | 2, LTS (Long Term Support) | 99, I don't know",,,,,,,,,,,," @NONEOFTHEABOVE=""99"""
server_host,institutional_questionnaire4,,radio,"<div class=""rich-text-field-label""><p>Which best describes your REDCap server environment?</p></div>","1, Physical | 2, Cloud/Virtual | 3, Combination | 99, I don't know",,,,,,,,LV,,,,
host_combination,institutional_questionnaire4,,notes,"<div class=""rich-text-field-label""><p>What kind of physical/virtual server combination do you use?</p></div>",,,,,,,[server_host]='3',,LV,,,,
server_manage,institutional_questionnaire4,,checkbox,"Who manages your servers?","1, We manage them in our department | 2, Information Systems/Technology manages them | 3, A cloud hosting service manages them | 98, Other {server_manage_other} | 99, I don't know",,,,,,,,LV,,,,
server_manage_other,institutional_questionnaire4,,text,,,,,,,,[server_manage(98)]='1',,,,,," @PLACEHOLDER='Please specify'"
host_cloud,institutional_questionnaire4,,radio,"What Cloud Provider do you use?","1, AWS | 2, Azure | 3, Google Cloud Platform (GCP) | 4, Internal Platform | 98, Other {host_cloud_other}",,,,,,[server_host]='2',,LV,,,,
host_cloud_other,institutional_questionnaire4,,text,,,,,,,,[host_cloud]='98',,,,,," @PLACEHOLDER='Please specify'"
upgrade,institutional_questionnaire4,,radio,"<div class=""rich-text-field-label""><p>How often do you update your instance to a new version of REDCap, including bug-fix updates (minor releases)?</p></div>","1, Weekly | 2, Biweekly | 3, Monthly | 4, Bimonthly | 5, Quarterly | 6, Biannually | 7, Annually | 8, As needed | 9, As resources permit | 98, Other",,,,,,,,LV,,,,
upgrade_oth,institutional_questionnaire4,,notes,"Describe your other update model",,,,,,,"[upgrade] = '98'",,LV,,,,
upgrade_needed,institutional_questionnaire4,,notes,"How do you determine need?",,,,,,,"[upgrade] = '8'",,LV,,,,
update_barriers,institutional_questionnaire4,,checkbox,"<div class=""rich-text-field-label""><p>What barriers do you face regarding applying updates (patches, security fixes, version upgrades) in a timely manner?</p></div>","0, None. We update as needed. | 1, We have custom code modifications that we have review and replicate with every update. | 2, We are dependent on our IT department and it can be hard to get on their radar for regular updates. | 3, Part 11: Every update requires reviews/audits, which is a resource barrier. | 4, General resourcing issue: Not enough hours in a day. | 98, Other {update_barriers_other}",,,,,,,,LV,,,," @NONEOFTHEABOVE=""0"""
update_barriers_other,institutional_questionnaire4,,text,"Other Update Barriers",,,,,,,"[update_barriers(98)]=""1""",,LV,,,," @PLACEHOLDER='Please describe'"
start_date_s1,new_instrument,,text,"Start Time Section 1",,,datetime_seconds_ymd,,,,,,,,,," @HIDDEN-SURVEY
@CALCDATE([survey-time-started:institutional_questionnaire:value],0,'s')"
end_date_s1,new_instrument,,text,"End Time Section 1",,,datetime_seconds_ymd,,,,,,,,,," @HIDDEN-SURVEY
@CALCDATE([survey-time-completed:institutional_questionnaire:value],0,'s')"
duration_s1,new_instrument,,calc,"Duration Section 1",[survey-duration-completed:institutional_questionnaire:m],,,,,,,,,,,,
start_date_s2,new_instrument,,text,"Start Time Section 2",,,datetime_seconds_ymd,,,,,,,,,," @HIDDEN-SURVEY
@CALCDATE([survey-time-started:institutional_questionnaire2:value],0,'s')"
end_date_s2,new_instrument,,text,"End Time Section 2",,,datetime_seconds_ymd,,,,,,,,,," @HIDDEN-SURVEY
@CALCDATE([survey-time-completed:institutional_questionnaire2:value],0,'s')"
duration_s2,new_instrument,,calc,"Duration Section 2",[survey-duration-completed:institutional_questionnaire2:m],,,,,,,,,,,,
start_date_s3,new_instrument,,text,"Start Time Section 3",,,datetime_seconds_ymd,,,,,,,,,," @HIDDEN-SURVEY
@CALCDATE([survey-time-started:institutional_questionnaire:value],0,'s')"
end_date_s3,new_instrument,,text,"End Time Section 3",,,datetime_seconds_ymd,,,,,,,,,," @HIDDEN-SURVEY
@CALCDATE([survey-time-completed:institutional_questionnaire3:value],0,'s')"
duration_s3,new_instrument,,calc,"Duration Section 3",[survey-duration-completed:institutional_questionnaire3:m],,,,,,,,,,,,
start_date_s4,new_instrument,,text,"Start Time Section 4",,,datetime_seconds_ymd,,,,,,,,,," @HIDDEN-SURVEY
@CALCDATE([survey-time-started:institutional_questionnaire:value],0,'s')"
end_date_s4,new_instrument,,text,"End Time Section 4",,,datetime_seconds_ymd,,,,,,,,,," @HIDDEN-SURVEY
@CALCDATE([survey-time-completed:institutional_questionnaire4:value],0,'s')"
duration_s4,new_instrument,,calc,"Duration Section 4",[survey-duration-completed:institutional_questionnaire4:m],,,,,,,,,,,,
duration_total,new_instrument,,calc,"Total Duration","sum(
[duration_s1],
[duration_s2],
[duration_s3],
[duration_s4]
)",,,,,,,,,,,,
total_completion_yn,new_instrument,,calc,"All Surveys Completed?","if(
[institutional_questionnaire_complete]='2' and
[institutional_questionnaire2_complete]='2' and
[institutional_questionnaire3_complete]='2' and
[institutional_questionnaire4_complete]='2',
1,0)",,,,,,,,,,,,
ccus_score,new_instrument,,calc,"Control Center User Rights Score: Sum of ccus fields where a higher score means greater user rights/privileges and a lower score means greater admin control 
","sum([ccus_createprojects],[ccus_moveprod],[ccus_changerequests],[ccus_repeatingsetup], [ccus_addevents])",,,,,,,,,,,,"Proposed by Page"
services_score,new_instrument,,calc,"Services Score
This is the sum of responses to the services provided. This ""score"" assumes that each service we asked about is equally weighted in time/effort (in reality they are not really)","sum([manageusers],[create],[design],[build],[maintain],[ts],[em],[cc],[api],[recovery],[mobile],[random],[econ],[mycap],[mlm],[cdp],[cdm],[group],[ind],[l_train])",,,,,,,,,,,,
cat_fte,categories,,radio,"Support FTES","1, 0	< .5 | 2, .5-.9 | 3, 1-1.9 | 4, 2-2.9 | 5, 3-4.9 | 6, 5-6.9 | 7, 7-9.9 | 8, 10+",,,,,,,,,,,,
cat_users,categories,,radio,Users,"1, 1-100 | 2, 101-250 | 3, 251-500 | 4, 501-1,000 | 5, 1,001-2,500 | 6, 2,501-5,000 | 7, 5,001-10,000 | 8, 10,001+",,,,,,,,,,,,
cat_proj,categories,,radio,Projects,"1, 0-100 | 2, 101-250 | 3, 251-500 | 4, 501-1,000 | 5, 1,001-2,500 | 6, 2,501-5,000 | 7, 5,001-7,500 | 8, 7,501-10,000 | 9, 10,001-15,000 | 10, 15,001+",,,,,,,,,,,,
cat_loc,categories,,radio,Locations,"1, North East | 2, South East | 3, Midwest | 4, Southwest | 5, Mountains | 6, Pacific | 7, Canada | 8, Europe | 9, Asia | 10, Africa | 11, Oceania | 12, South America",,,,,,,,,,,,
year_started,categories,,dropdown,Year,"2004, 2004 | 2005, 2005 | 2006, 2006 | 2007, 2007 | 2008, 2008 | 2009, 2009 | 2010, 2010 | 2011, 2011 | 2012, 2012 | 2013, 2013 | 2014, 2014 | 2015, 2015 | 2016, 2016 | 2017, 2017 | 2018, 2018 | 2019, 2019 | 2020, 2020 | 2021, 2021 | 2022, 2022 | 2023, 2023 | 2024, 2024",,,,,,,,,,,,
